<?xml version="1.0" encoding="UTF-8"?>
<!DOCTYPE beans PUBLIC 
"-//SPRING//DTD BEAN//EN" 
"http://www.springframework.org/dtd/spring-beans.dtd">
<beans>
	<bean id="greet1" class="com.java.spr.HelloImpl">
		<property name="greeting" value="Good Morning..." />
	</bean>
	<bean id="greet2" class="com.java.spr.HelloImpl">
		<property name="greeting" value="Good Afternoon..." />
	</bean>
	<bean id="greet3" class="com.java.spr.HelloImpl">
		<property name="greeting" value="Good Evening..." />
	</bean>
</beans>